City_ID,City,Country,Date,Lat,Lng,Max Temp,Humidity,Cloudiness,Wind Speed,Weather Description
0,Noormarkku,FI,3/24/2021 20:03,61.5927,21.8685,41,75,0,8.05,clear sky
1,Khatanga,RU,3/24/2021 20:03,71.9667,102.5,-3.1,93,100,3.11,overcast clouds
2,Alyangula,AU,3/24/2021 20:03,-13.8483,136.4192,81.19,83,100,6.96,overcast clouds
3,Kapaa,US,3/24/2021 20:03,22.0752,-159.319,78.01,69,40,8.05,scattered clouds
4,Bluff,NZ,3/24/2021 20:00,-46.6,168.3333,46.99,97,14,8.23,few clouds
5,Georgetown,MY,3/24/2021 20:01,5.4112,100.3354,80.6,94,20,3.44,few clouds
6,Borger,NL,3/24/2021 20:03,52.9233,6.7931,46,87,100,6.15,overcast clouds
7,Hobart,AU,3/24/2021 20:00,-42.8794,147.3294,61,94,75,9.22,light rain
8,Kyzyl-Suu,KG,3/24/2021 20:03,42.3414,78.0056,39.09,42,97,9.82,overcast clouds
9,Tazovskiy,RU,3/24/2021 20:03,67.4667,78.7,7.88,99,86,6.76,overcast clouds
10,Nakhodka,RU,3/24/2021 20:03,42.8333,132.8947,37.08,76,100,5.41,overcast clouds
11,Cidreira,BR,3/24/2021 20:03,-30.1811,-50.2056,74.82,70,82,10.02,broken clouds
12,Agapovka,RU,3/24/2021 20:03,53.2973,59.1348,21.2,93,75,8.95,broken clouds
13,Atuona,PF,3/24/2021 20:03,-9.8,-139.0333,80.17,77,100,18.52,overcast clouds
14,Kaseda,JP,3/24/2021 20:03,31.4167,130.3167,56.62,87,100,5.88,overcast clouds
15,Faanui,PF,3/24/2021 20:03,-16.4833,-151.75,83.26,73,100,22.57,overcast clouds
16,Parry Sound,CA,3/24/2021 20:00,45.3501,-80.033,62.6,51,98,11.95,overcast clouds
17,Sao Joao Da Barra,BR,3/24/2021 20:03,-21.6403,-41.0511,84.2,65,0,12.66,clear sky
18,Mataura,NZ,3/24/2021 20:02,-46.1927,168.8643,46.99,97,17,2.21,few clouds
19,Mahebourg,MU,3/24/2021 20:03,-20.4081,57.7,77,94,20,4.61,few clouds
20,Busselton,AU,3/24/2021 20:03,-33.65,115.3333,46.99,95,0,7.14,clear sky
21,Albany,US,3/24/2021 20:03,42.6001,-73.9662,53.01,75,100,10.67,moderate rain
22,Port Elizabeth,ZA,3/24/2021 20:03,-33.918,25.5701,69.8,78,75,11.5,broken clouds
23,New Norfolk,AU,3/24/2021 20:03,-42.7826,147.0587,61,86,100,4.38,overcast clouds
24,Laguna De Perlas,NI,3/24/2021 20:03,12.3429,-83.6712,84.2,70,40,4.61,scattered clouds
25,Puerto Ayora,EC,3/24/2021 20:03,-0.7393,-90.3518,82.4,78,40,11.5,moderate rain
26,Labuhan,ID,3/24/2021 20:03,-6.8844,112.2051,78.48,81,100,3.42,overcast clouds
27,Lebu,CL,3/24/2021 20:03,-37.6167,-73.65,57.79,63,0,17.9,clear sky
28,Sakata,JP,3/24/2021 20:03,38.9167,139.855,48.52,67,100,4.7,overcast clouds
29,Dikson,RU,3/24/2021 20:03,73.5069,80.5464,-8,99,86,3.69,overcast clouds
30,Vaini,TO,3/24/2021 20:03,-21.2,-175.2,77,94,75,11.5,heavy intensity rain
31,Perrelos,PH,3/24/2021 20:03,10.1169,123.6738,78.8,89,90,5.75,overcast clouds
32,Punta Arenas,CL,3/24/2021 20:03,-53.15,-70.9167,50,62,40,23.02,scattered clouds
33,Caraguatay,AR,3/24/2021 20:03,-26.6059,-54.7809,77.72,81,85,5.75,light rain
34,Port Alfred,ZA,3/24/2021 20:03,-33.5906,26.891,70.75,78,100,18.61,light rain
35,San Ramon,US,3/24/2021 20:01,37.7799,-121.978,69.01,22,1,17.27,clear sky
36,Bako,ET,3/24/2021 20:03,5.7833,36.5667,69.55,27,5,4.43,clear sky
37,Dingle,PH,3/24/2021 20:03,10.9995,122.6711,75.42,92,100,8.05,overcast clouds
38,Maniitsoq,GL,3/24/2021 20:03,65.4167,-52.9,4.21,84,99,6.85,light snow
39,Pisco,PE,3/24/2021 20:03,-13.7,-76.2167,75.2,64,0,25.32,clear sky
40,Sibolga,ID,3/24/2021 20:00,1.7427,98.7792,75.56,89,100,4.54,overcast clouds
41,Hualmay,PE,3/24/2021 20:01,-11.0964,-77.6139,75.72,69,88,11.21,overcast clouds
42,Saskylakh,RU,3/24/2021 20:03,71.9167,114.0833,-7.78,93,100,7.07,overcast clouds
43,Hornepayne,CA,3/24/2021 20:03,49.2138,-84.7705,27.25,95,100,10.89,snow
44,Esperance,AU,3/24/2021 20:03,-33.8667,121.9,53.6,87,80,6.91,broken clouds
45,Saint-Philippe,RE,3/24/2021 20:03,-21.3585,55.7679,78.8,83,0,4.61,light rain
46,Ushuaia,AR,3/24/2021 20:03,-54.8,-68.3,44.6,76,75,37.98,broken clouds
47,Columbus,US,3/24/2021 20:03,39.9612,-82.9988,73.4,40,75,25.32,broken clouds
48,Lompoc,US,3/24/2021 20:03,34.6391,-120.4579,70,32,20,13.8,few clouds
49,Srednekolymsk,RU,3/24/2021 20:03,67.45,153.6833,-7.73,99,100,2.53,overcast clouds
50,Jamestown,US,3/24/2021 20:03,42.097,-79.2353,68,55,40,14.47,scattered clouds
51,Arraial Do Cabo,BR,3/24/2021 20:03,-22.9661,-42.0278,86,74,0,6.91,clear sky
52,Arlit,NE,3/24/2021 20:03,18.7369,7.3853,80.71,10,39,10.98,scattered clouds
53,Touros,BR,3/24/2021 20:03,-5.1989,-35.4608,82.4,74,75,18.41,broken clouds
54,Kulhudhuffushi,MV,3/24/2021 20:03,6.6221,73.07,83.28,70,100,6.69,overcast clouds
55,Hermanus,ZA,3/24/2021 20:03,-34.4187,19.2345,68,81,4,5.99,clear sky
56,Mount Isa,AU,3/24/2021 20:03,-20.7333,139.5,75.2,64,75,8.05,broken clouds
57,Honningsvag,NO,3/24/2021 20:03,70.9821,25.9704,39.2,65,0,12.66,clear sky
58,Tuktoyaktuk,CA,3/24/2021 20:03,69.4541,-133.0374,-5.8,77,40,8.05,scattered clouds
59,Sassandra,CI,3/24/2021 20:03,4.95,-6.0833,78.55,89,97,5.41,overcast clouds
60,Kovdor,RU,3/24/2021 20:03,67.5662,30.4758,34.27,83,79,16.69,broken clouds
61,Diffa,NE,3/24/2021 20:03,13.3154,12.6113,89.13,14,100,7.7,overcast clouds
62,Alta Floresta,BR,3/24/2021 20:03,-9.8756,-56.0861,77.86,86,100,3.27,overcast clouds
63,Katsuura,JP,3/24/2021 20:03,35.1333,140.3,57.99,67,75,13.8,broken clouds
64,Carnarvon,AU,3/24/2021 20:03,-24.8667,113.6333,73.4,78,40,18.41,scattered clouds
65,Chau Doc,VN,3/24/2021 20:03,10.7,105.1167,79.05,77,99,5.32,overcast clouds
66,Bonthe,SL,3/24/2021 20:03,7.5264,-12.505,79.56,76,100,8.68,overcast clouds
67,Barrow,US,3/24/2021 20:03,71.2906,-156.7887,-9.4,70,1,8.05,clear sky
68,Butaritari,KI,3/24/2021 20:03,3.0707,172.7902,81.54,80,22,18.81,few clouds
69,Itaituba,BR,3/24/2021 20:03,-4.2761,-55.9836,77,94,90,5.75,heavy intensity rain
70,Nizhniy Kuranakh,RU,3/24/2021 20:03,58.8353,125.4869,9.23,97,100,1.48,light snow
71,Victoria,HK,3/24/2021 20:03,22.2855,114.1577,71.01,79,0,6.87,clear sky
72,Ahipara,NZ,3/24/2021 20:03,-35.1667,173.1667,60.4,75,1,3.42,clear sky
73,Bethel,US,3/24/2021 20:03,41.3712,-73.414,59,58,90,8.05,overcast clouds
74,Qaanaaq,GL,3/24/2021 20:03,77.484,-69.3632,-18.67,65,20,4.74,few clouds
75,Kavieng,PG,3/24/2021 20:03,-2.5744,150.7967,79.99,78,99,6.31,light rain
76,Severo-Kurilsk,RU,3/24/2021 20:03,50.6789,156.125,23.92,64,83,17.31,broken clouds
77,Batemans Bay,AU,3/24/2021 20:00,-35.7167,150.1833,60.01,90,41,1.01,scattered clouds
78,East London,ZA,3/24/2021 20:03,-33.0153,27.9116,69.15,84,100,12.82,light rain
79,Castro,BR,3/24/2021 20:03,-24.7911,-50.0119,80.6,63,98,1.52,very heavy rain
80,Saint George,US,3/24/2021 20:00,37.1041,-113.5841,57.2,23,1,5.75,clear sky
81,Amot,NO,3/24/2021 20:03,59.5714,7.9877,23.56,96,21,3.11,few clouds
82,Xingcheng,CN,3/24/2021 20:03,40.6167,120.7167,45.23,39,3,12.5,clear sky
83,Olafsvik,IS,3/24/2021 20:03,64.8945,-23.7142,33.6,62,96,16.69,overcast clouds
84,Iqaluit,CA,3/24/2021 20:03,63.7506,-68.5145,-16.01,63,40,5.75,scattered clouds
85,Cape Town,ZA,3/24/2021 20:00,-33.9258,18.4232,70,77,0,10.36,clear sky
86,Hermiston,US,3/24/2021 20:01,45.8404,-119.2895,55.4,47,75,18.41,broken clouds
87,Marzuq,YE,3/24/2021 20:03,14.4,46.4667,67.59,26,3,6.26,clear sky
88,Hilo,US,3/24/2021 20:00,19.7297,-155.09,73.99,83,90,6.91,moderate rain
89,Najran,SA,3/24/2021 20:03,17.4924,44.1277,77,16,0,2.75,clear sky
90,Kautokeino,NO,3/24/2021 20:03,69.0125,23.0412,30.09,69,89,34.94,overcast clouds
91,Porto Walter,BR,3/24/2021 20:03,-8.2686,-72.7439,81.18,89,86,0.31,overcast clouds
92,Bozhou,CN,3/24/2021 20:03,33.8772,115.7703,51.87,71,91,5.08,overcast clouds
93,Kaeo,NZ,3/24/2021 20:03,-35.1,173.7833,57.99,96,0,3,clear sky
94,Katima Mulilo,NA,3/24/2021 20:03,-17.5,24.2667,72,76,100,5.17,overcast clouds
95,Phangnga,TH,3/24/2021 20:03,8.4509,98.5298,77,94,40,2.3,scattered clouds
96,Ayagoz,KZ,3/24/2021 20:03,47.9714,80.4392,6.37,93,56,4.76,broken clouds
97,Mar Del Plata,AR,3/24/2021 20:00,-38.0023,-57.5575,75.2,78,20,10.36,few clouds
98,Bredasdorp,ZA,3/24/2021 20:03,-34.5322,20.0403,64.4,88,100,10.36,overcast clouds
99,Sapele,NG,3/24/2021 19:59,5.8941,5.6767,76.21,88,98,3.31,overcast clouds
100,Nova Aurora,BR,3/24/2021 20:03,-22.8667,-52.5667,87.6,56,90,6.15,overcast clouds
101,Rapid City,US,3/24/2021 20:02,44.0805,-103.231,48.2,40,1,13.8,clear sky
102,Ponta Do Sol,PT,3/24/2021 20:03,32.6667,-17.1,60.01,66,100,3,overcast clouds
103,Sao Joao Do Paraiso,BR,3/24/2021 20:03,-15.3136,-42.0144,86.52,22,0,13.71,clear sky
104,Port Hedland,AU,3/24/2021 20:03,-20.3167,118.5667,77,94,2,4.61,clear sky
105,Rikitea,PF,3/24/2021 20:03,-23.1203,-134.9692,79.59,66,0,12.48,clear sky
106,Oistins,BB,3/24/2021 20:03,13.0667,-59.5333,82.4,54,40,18.41,scattered clouds
107,Luderitz,NA,3/24/2021 20:03,-26.6481,15.1594,66.79,78,0,9.78,clear sky
108,Vanavara,RU,3/24/2021 20:03,60.34,102.2797,9.46,95,100,3.85,overcast clouds
109,Andenes,NO,3/24/2021 20:03,69.3143,16.1194,41,87,75,34.52,light intensity drizzle
110,Avarua,CK,3/24/2021 20:03,-21.2078,-159.775,84.2,84,19,14.97,few clouds
111,Hasaki,JP,3/24/2021 20:03,35.7333,140.8333,48.2,93,75,3.44,broken clouds
112,Torbay,CA,3/24/2021 20:04,47.6666,-52.7314,55.4,38,40,18.41,scattered clouds
113,Honiara,SB,3/24/2021 20:04,-9.4333,159.95,77.41,84,36,3,scattered clouds
114,Atambua,ID,3/24/2021 20:04,-9.1061,124.8925,73.08,89,23,2.77,few clouds
115,Tiksi,RU,3/24/2021 20:04,71.6872,128.8694,-27.67,99,85,4.61,overcast clouds
116,Chaman,PK,3/24/2021 20:03,30.9236,66.4512,64.8,17,82,5.1,broken clouds
117,Agadir,MA,3/24/2021 20:04,30.4202,-9.5982,71.6,21,0,10.36,clear sky
118,Yellowknife,CA,3/24/2021 20:01,62.456,-114.3525,8.01,55,1,6.91,clear sky
119,Homer,US,3/24/2021 20:04,59.6425,-151.5483,36,75,75,12.66,broken clouds
120,Vardo,NO,3/24/2021 20:04,70.3705,31.1107,33.8,86,100,9.22,overcast clouds
121,Alim,PH,3/24/2021 20:04,9.5649,122.4876,79.57,77,92,10.29,overcast clouds
122,Pangnirtung,CA,3/24/2021 20:04,66.1451,-65.7125,-23.8,57,40,2.3,scattered clouds
123,Vila,PT,3/24/2021 20:04,42.0304,-8.1588,48.99,73,51,5.99,broken clouds
124,Saurimo,AO,3/24/2021 20:04,-9.6608,20.3916,67.48,92,88,3.78,light rain
125,Grand Gaube,MU,3/24/2021 20:04,-20.0064,57.6608,78.01,85,100,8.77,overcast clouds
126,Lata,PT,3/24/2021 20:04,40.1629,-8.3327,55,75,54,2.48,broken clouds
127,Ostrovnoy,RU,3/24/2021 20:04,68.0531,39.5131,35.71,96,100,23.33,overcast clouds
128,Rawson,AR,3/24/2021 20:04,-43.3002,-65.1023,60.49,47,100,12.95,overcast clouds
129,Upernavik,GL,3/24/2021 20:04,72.7868,-56.1549,-15.7,90,92,3.47,overcast clouds
130,Berlevag,NO,3/24/2021 20:04,70.8578,29.0864,35.6,75,0,11.5,clear sky
131,Whitehorse,CA,3/24/2021 20:04,60.7161,-135.0538,21,67,75,5.75,broken clouds
132,Bestobe,KZ,3/24/2021 20:04,52.4994,73.0975,16.39,91,30,12.35,scattered clouds
133,Chikola,RU,3/24/2021 20:04,43.1906,43.9209,39.2,81,90,2.24,overcast clouds
134,Quesnel,CA,3/24/2021 20:00,52.9999,-122.5029,42.8,70,90,12.66,overcast clouds
135,Hambantota,LK,3/24/2021 20:04,6.1241,81.1185,78.31,83,100,9.04,moderate rain
136,Fairmont,US,3/24/2021 20:04,39.4851,-80.1426,73.4,38,75,10.36,broken clouds
137,Synya,RU,3/24/2021 20:04,65.3718,58.0387,25.16,96,75,7.2,broken clouds
138,Kokkinokhoma,GR,3/24/2021 20:04,40.9333,24.3,39,50,0,1.01,clear sky
139,Khovu-Aksy,RU,3/24/2021 20:04,51.1333,93.6,23.86,96,100,1.03,overcast clouds
140,Pevek,RU,3/24/2021 20:04,69.7008,170.3133,-18.78,97,100,6.62,overcast clouds
141,Lensk,RU,3/24/2021 20:04,60.7253,114.9278,0.63,99,98,3.67,overcast clouds
142,Hithadhoo,MV,3/24/2021 20:04,-0.6,73.0833,82.74,74,100,10.87,overcast clouds
143,Yagodnoye,RU,3/24/2021 20:04,62.55,149.6667,-9.53,98,100,5.32,overcast clouds
144,Pasighat,IN,3/24/2021 20:04,28.0667,95.3333,73.27,31,94,4.52,overcast clouds
145,Seymchan,RU,3/24/2021 20:04,62.8833,152.4333,-7.44,90,100,9.15,overcast clouds
146,Dwarka,IN,3/24/2021 20:04,22.2394,68.9678,78.44,63,0,12.37,clear sky
147,Alice Springs,AU,3/24/2021 20:04,-23.7,133.8833,62.6,94,5,2.3,clear sky
148,Mareeba,AU,3/24/2021 20:04,-17,145.4333,77,88,96,10.36,overcast clouds
149,Sisimiut,GL,3/24/2021 20:04,66.9395,-53.6735,1.29,89,100,12.46,light snow
150,Chivay,PE,3/24/2021 20:04,-15.6383,-71.6011,53.53,73,91,6.51,overcast clouds
151,The Valley,AI,3/24/2021 20:04,18.217,-63.0578,82.4,65,20,11.5,few clouds
152,Broken Hill,AU,3/24/2021 20:04,-31.95,141.4333,59,72,0,8.05,clear sky
153,Ekhabi,RU,3/24/2021 20:04,53.5102,142.9671,2.05,90,4,9.08,clear sky
154,Plouzane,FR,3/24/2021 20:04,48.3833,-4.6167,46.4,93,20,2.3,few clouds
155,Champerico,GT,3/24/2021 20:04,14.3,-91.9167,89.6,62,40,6.91,scattered clouds
156,Baglung,NP,3/24/2021 20:04,28.2719,83.5898,57.31,33,0,7.09,clear sky
157,Deputatskiy,RU,3/24/2021 20:04,69.3,139.9,-20.65,99,100,1.77,overcast clouds
158,Solnechnyy,RU,3/24/2021 20:04,50.7214,136.6319,14.07,79,1,4.27,clear sky
159,Leningradskiy,RU,3/24/2021 20:04,69.3833,178.4167,-5.87,96,100,10.8,overcast clouds
160,Hami,CN,3/24/2021 20:04,42.8,93.45,48.04,38,96,14.92,overcast clouds
161,Lorengau,PG,3/24/2021 20:04,-2.0226,147.2712,80.28,80,100,8.72,light rain
162,Ust-Ordynskiy,RU,3/24/2021 20:04,52.805,104.7508,30.2,69,0,6.76,clear sky
163,Malinovskiy,RU,3/24/2021 20:04,61.1953,62.8397,15.73,93,89,5.64,overcast clouds
164,Zinder,NE,3/24/2021 20:04,13.8072,8.9881,85.93,13,52,11.97,broken clouds
165,Ornskoldsvik,SE,3/24/2021 20:04,63.2909,18.7153,39.2,52,0,4.61,clear sky
166,Rudraprayag,IN,3/24/2021 20:04,30.2833,78.9833,57.07,48,0,4.03,clear sky
167,Ixtapa,MX,3/24/2021 20:04,20.7,-105.2,75.2,64,40,9.22,scattered clouds
168,Taybad,IR,3/24/2021 20:04,34.74,60.7756,70.43,15,45,13.09,scattered clouds
169,Tiznit,MA,3/24/2021 20:04,29.5833,-9.5,66.96,25,0,1.05,clear sky
170,Anadyr,RU,3/24/2021 20:04,64.75,177.4833,6.8,85,40,11.18,scattered clouds
171,Novyy Urengoy,RU,3/24/2021 20:04,66.0833,76.6333,2.17,97,44,8.19,scattered clouds
172,Kavaratti,IN,3/24/2021 20:04,10.5669,72.642,82.58,77,66,7.09,broken clouds
173,Port Pirie,AU,3/24/2021 20:04,-33.1833,138.0167,53.6,87,53,5.75,broken clouds
174,Tsiroanomandidy,MG,3/24/2021 20:04,-18.7667,46.0333,66.51,95,4,1.63,clear sky
175,Hilton Head Island,US,3/24/2021 19:59,32.2163,-80.7526,75.2,68,1,5.75,clear sky
176,Acarau,BR,3/24/2021 20:04,-2.8856,-40.12,80.26,78,93,11.41,light rain
177,Oparino,RU,3/24/2021 20:04,59.8518,48.2783,32.77,98,100,8.77,overcast clouds
178,Namatanai,PG,3/24/2021 20:04,-3.6667,152.4333,79.16,81,96,4.41,light rain
179,Meulaboh,ID,3/24/2021 20:04,4.1363,96.1285,74.59,89,100,3.67,overcast clouds
180,Kirakira,SB,3/24/2021 20:04,-10.4544,161.9205,79.45,80,92,3.67,overcast clouds
181,Tabou,CI,3/24/2021 20:04,4.423,-7.3528,79.02,87,49,5.64,scattered clouds
182,Kruisfontein,ZA,3/24/2021 20:04,-34.0033,24.7314,70,78,100,4,overcast clouds
183,Kitgum,UG,3/24/2021 20:04,3.2783,32.8867,81.14,30,97,9.86,overcast clouds
184,Norman Wells,CA,3/24/2021 20:04,65.282,-126.8329,3.2,66,75,10.36,broken clouds
185,Chuchkovo,RU,3/24/2021 20:04,54.2693,41.4465,16.72,97,30,3.69,scattered clouds
186,Kaitangata,NZ,3/24/2021 20:04,-46.2817,169.8464,52.27,90,67,5.99,broken clouds
187,Sobolevo,RU,3/24/2021 20:04,54.4299,31.8996,22.24,92,60,3.96,broken clouds
188,Saint John,CA,3/24/2021 20:01,45.2727,-66.0677,53.6,62,90,9.22,overcast clouds
189,Hohhot,CN,3/24/2021 20:04,40.8106,111.6522,33.8,34,0,6.71,clear sky
190,Kemijarvi,FI,3/24/2021 20:04,66.7131,27.4306,34.61,83,4,16.13,clear sky
191,Kentau,KZ,3/24/2021 20:04,43.5206,68.5094,54.57,55,3,8.16,clear sky
192,Broome,US,3/24/2021 20:04,42.2506,-75.833,54,93,90,17.27,light rain
193,Elizabeth City,US,3/24/2021 20:01,36.2946,-76.2511,66.2,88,90,13.8,mist
194,Ribnitz-Damgarten,DE,3/24/2021 20:04,54.25,12.4667,46.99,76,75,4.61,broken clouds
195,Hervey Bay,AU,3/24/2021 20:04,-25.2986,152.8535,72,83,40,3.44,scattered clouds
196,Tiarei,PF,3/24/2021 20:04,-17.5333,-149.3333,87.8,66,75,8.05,light rain
197,Thompson,CA,3/24/2021 20:00,55.7435,-97.8558,10.4,48,20,9.22,few clouds
198,Sabang,ID,3/24/2021 20:04,5.8933,95.3214,80.78,79,100,12.41,moderate rain
199,Fortuna,US,3/24/2021 20:04,40.5982,-124.1573,55.99,81,20,14.97,few clouds
200,Souillac,MU,3/24/2021 20:04,-20.5167,57.5167,77,94,20,4.61,few clouds
201,Sorong,ID,3/24/2021 20:04,-0.8833,131.25,77.68,87,100,3.38,overcast clouds
202,Sesquile,CO,3/24/2021 20:04,5.0475,-73.8008,53.6,94,75,11.5,mist
203,Wanning,CN,3/24/2021 20:04,18.8003,110.3967,71.67,92,72,4.14,broken clouds
204,Luganville,VU,3/24/2021 20:04,-15.5333,167.1667,78.66,86,100,5.84,overcast clouds
205,Tacuati,PY,3/24/2021 20:04,-23.45,-56.5833,82.18,62,62,1.66,broken clouds
206,Aktash,RU,3/24/2021 20:04,50.3,87.7333,-1.98,92,63,4.05,broken clouds
207,Prainha,BR,3/24/2021 20:04,-1.8,-53.48,78.01,92,72,4.32,light rain
208,Babol,IR,3/24/2021 20:04,36.5513,52.679,74.93,32,15,8.01,few clouds
209,Santa Catarina De Tepehuanes,MX,3/24/2021 20:04,25.35,-105.7333,67.78,6,73,29.95,broken clouds
210,Harper,LR,3/24/2021 20:04,4.375,-7.7169,79.12,87,22,7.65,few clouds
211,Omboue,GA,3/24/2021 20:04,-1.5746,9.2618,76.77,83,96,8.86,overcast clouds
212,Sohbatpur,PK,3/24/2021 20:04,28.5202,68.5434,74.28,40,0,7.34,clear sky
213,Cedar City,US,3/24/2021 20:04,37.6775,-113.0619,44.01,36,40,8.05,scattered clouds
214,Beloha,MG,3/24/2021 20:04,-25.1667,45.05,68.81,84,0,4.34,clear sky
215,Constitucion,CL,3/24/2021 20:04,-35.3333,-72.4167,63.43,63,20,17.31,few clouds
216,Pochutla,MX,3/24/2021 20:04,15.7432,-96.4661,89.01,42,1,23.02,clear sky
217,Buala,SB,3/24/2021 20:04,-8.145,159.5921,79.75,78,93,3.09,overcast clouds
218,Shellbrook,CA,3/24/2021 20:04,53.2168,-106.4011,32,69,75,18.41,broken clouds
219,Bismarck,US,3/24/2021 20:00,46.8083,-100.7837,39.99,56,90,3.44,overcast clouds
220,Wangaratta,AU,3/24/2021 20:04,-36.3667,146.3333,60.8,94,40,13.8,scattered clouds
221,College,US,3/24/2021 20:04,64.8569,-147.8028,19.99,73,90,3.53,light snow
222,Turbat,PK,3/24/2021 20:01,26.0023,63.044,74.3,42,0,3.06,clear sky
223,Buckeye,US,3/24/2021 20:04,33.3703,-112.5838,70,19,2,5.75,clear sky
224,Geraldton,AU,3/24/2021 20:04,-28.7667,114.6,59,72,0,6.91,clear sky
225,North Bend,US,3/24/2021 20:04,43.4065,-124.2243,46.99,93,90,6.91,overcast clouds
226,Pychas,RU,3/24/2021 20:04,56.5033,52.4409,28,70,61,1.01,broken clouds
227,Taoudenni,ML,3/24/2021 20:04,22.6783,-3.9836,74.17,10,0,11.43,clear sky
228,Yumen,CN,3/24/2021 20:04,40.2833,97.2,46.4,18,100,12.08,overcast clouds
229,Makakilo City,US,3/24/2021 20:04,21.3469,-158.0858,78.8,88,90,13.8,light rain
230,Bubaque,GW,3/24/2021 20:04,11.2833,-15.8333,78.04,67,15,18.5,few clouds
231,Aykhal,RU,3/24/2021 20:04,66,111.5,-12.82,100,100,7.11,overcast clouds
232,Tamale,GH,3/24/2021 20:04,9.4008,-0.8393,98.6,18,98,6.53,overcast clouds
233,Clyde River,CA,3/24/2021 20:04,70.4692,-68.5914,-9.4,77,40,13.8,snow
234,Klaksvik,FO,3/24/2021 20:04,62.2266,-6.589,39.2,81,75,2.3,broken clouds
235,Valdivia,CL,3/24/2021 20:02,-39.8142,-73.2459,66.2,39,0,5.75,clear sky
236,Severnoye,RU,3/24/2021 20:04,56.3491,78.3619,28.31,87,100,11.95,overcast clouds
237,Senanga,ZM,3/24/2021 20:04,-16.1167,23.2667,73.24,65,100,5.14,overcast clouds
238,Rondonopolis,BR,3/24/2021 20:03,-16.4708,-54.6356,89.53,45,100,5.21,overcast clouds
239,Port Blair,IN,3/24/2021 20:04,11.6667,92.75,81.41,78,14,5.03,few clouds
240,Gladstone,AU,3/24/2021 20:04,-23.85,151.25,73.4,83,12,6.91,few clouds
241,Cine,TR,3/24/2021 20:04,37.6117,28.0614,39.2,70,20,5.75,few clouds
242,Saint-Pierre,RE,3/24/2021 20:04,-21.3393,55.4781,78.8,83,0,4.61,clear sky
243,Moree,AU,3/24/2021 20:04,-29.4667,149.85,57.2,88,0,5.75,clear sky
244,Chokurdakh,RU,3/24/2021 20:04,70.6333,147.9167,-22.77,99,100,6.24,overcast clouds
245,Port Hardy,CA,3/24/2021 20:00,50.6996,-127.4199,44.6,93,90,8.05,light rain
246,Comodoro Rivadavia,AR,3/24/2021 20:00,-45.8667,-67.5,68,34,0,9.22,clear sky
247,Pandan,PH,3/24/2021 20:04,14.0453,124.1694,79.38,77,100,9.62,overcast clouds
248,Cayenne,GF,3/24/2021 20:04,4.9333,-52.3333,84.2,70,90,12.66,overcast clouds
249,Laramie,US,3/24/2021 20:03,41.3114,-105.5911,33.8,51,1,6.91,clear sky
250,Vestmannaeyjar,IS,3/24/2021 20:04,63.4427,-20.2734,36.73,54,100,13.96,overcast clouds
251,Husavik,IS,3/24/2021 20:04,66.0449,-17.3389,35.6,69,75,9.22,broken clouds
252,Egvekinot,RU,3/24/2021 20:04,66.3167,-179.1667,6.67,93,100,2.98,light snow
253,Pappadatai,GR,3/24/2021 20:04,39.3133,20.7925,50,65,6,5.75,clear sky
254,Contramaestre,CU,3/24/2021 20:04,20.2978,-76.2414,91.4,35,40,13.8,scattered clouds
255,Chapais,CA,3/24/2021 20:04,49.7834,-74.8492,51.8,37,1,6.91,clear sky
256,Vicosa,BR,3/24/2021 20:04,-20.7539,-42.8819,78.53,77,10,3.31,clear sky
257,Seminole,US,3/24/2021 20:00,28.7086,-81.2081,87.01,34,1,10.36,clear sky
258,Sola,VU,3/24/2021 20:04,-13.8833,167.55,80.71,73,81,4.23,broken clouds
259,Nanortalik,GL,3/24/2021 20:04,60.1432,-45.2371,20.82,58,24,35.75,few clouds
260,Muzhi,RU,3/24/2021 20:04,65.3667,64.6667,16.57,83,57,8.59,broken clouds
261,Chegdomyn,RU,3/24/2021 20:04,51.1167,133.0167,12,96,100,1.72,overcast clouds
262,Nordby,DK,3/24/2021 20:04,55.446,8.3979,42.8,93,90,13.8,mist
263,Lavrentiya,RU,3/24/2021 20:04,65.5833,-171,12.11,95,74,2.26,broken clouds
264,Koulikoro,ML,3/24/2021 20:04,14,-7.75,88.23,13,10,9.95,clear sky
265,Aquiraz,BR,3/24/2021 20:04,-3.9014,-38.3911,81,78,20,6.91,few clouds
266,Yenagoa,NG,3/24/2021 20:04,4.9247,6.2642,75.04,91,100,4.29,overcast clouds
267,Lichinga,MZ,3/24/2021 20:04,-13.3128,35.2406,66.2,88,75,10.36,broken clouds
268,Cherskiy,RU,3/24/2021 20:04,68.75,161.3,-2.58,98,100,3.4,overcast clouds
269,Palmer,US,3/24/2021 20:04,42.1584,-72.3287,64,34,100,4,overcast clouds
270,Kodiak,US,3/24/2021 20:04,57.79,-152.4072,42.8,56,40,3.44,scattered clouds
271,Asfi,MA,3/24/2021 20:04,32.2994,-9.2372,61.12,63,0,16.67,clear sky
272,Salmon Arm,CA,3/24/2021 20:03,50.6998,-119.3024,46,70,100,5.75,overcast clouds
273,Mahibadhoo,MV,3/24/2021 20:04,3.7833,72.9667,82.11,72,97,5.46,overcast clouds
274,Arbuzynka,UA,3/24/2021 20:04,47.9097,31.3196,34.23,74,100,13.62,overcast clouds
275,Alofi,NU,3/24/2021 20:04,-19.0595,-169.9187,82.4,83,40,6.91,scattered clouds
276,Grindavik,IS,3/24/2021 20:04,63.8424,-22.4338,30.2,93,90,10.36,sleet
277,Teguise,ES,3/24/2021 20:04,29.0605,-13.564,69.8,64,0,5.75,clear sky
278,Kurchum,KZ,3/24/2021 20:04,48.5722,83.6542,10.26,90,56,4.59,broken clouds
279,Fairbanks,US,3/24/2021 20:00,64.8378,-147.7164,19,79,75,3.58,light snow
280,Hamilton,US,3/24/2021 20:00,39.1834,-84.5333,73.99,49,40,18.41,scattered clouds
281,Ewo,CG,3/24/2021 20:04,-0.8725,14.8206,76.6,80,71,9.8,light rain
282,Otavi,NA,3/24/2021 20:04,-19.65,17.3333,68.11,76,100,2.28,overcast clouds
283,Coihaique,CL,3/24/2021 20:04,-45.5752,-72.0662,59,44,0,4.61,clear sky
284,Mayumba,GA,3/24/2021 20:04,-3.432,10.6554,77.04,79,100,6.33,overcast clouds
285,Bombay,IN,3/24/2021 20:00,19.0144,72.8479,84.2,51,0,6.51,smoke
286,Devils Lake,US,3/24/2021 20:03,48.1128,-98.8651,37.4,41,1,11.5,clear sky
287,Mehamn,NO,3/24/2021 20:04,71.0357,27.8492,39.2,75,0,11.5,clear sky
288,Sechura,PE,3/24/2021 20:02,-5.5569,-80.8222,82.78,55,86,13.6,overcast clouds
289,Rio Grande,BR,3/24/2021 20:04,-32.035,-52.0986,77,69,75,13.8,broken clouds
290,Adrar,MR,3/24/2021 20:04,20.5022,-10.0711,79.57,10,0,11.65,clear sky
291,Haines Junction,CA,3/24/2021 20:04,60.7522,-137.5108,15.8,45,97,4.61,overcast clouds
292,Jeremie,HT,3/24/2021 20:04,18.65,-74.1167,80.49,69,32,3.51,scattered clouds
293,Lakes Entrance,AU,3/24/2021 20:04,-37.8811,147.981,60.01,88,81,14.74,broken clouds
294,Vettavalam,IN,3/24/2021 20:04,12.1,79.25,75.16,81,7,2.64,clear sky
295,Airai,TL,3/24/2021 20:04,-8.9266,125.4092,59.65,93,33,1.32,scattered clouds
296,Los Llanos De Aridane,ES,3/24/2021 20:04,28.6585,-17.9182,66.2,82,20,12.66,few clouds
297,Nadym,RU,3/24/2021 20:04,65.5333,72.5167,4.28,95,23,8.84,few clouds
298,Chicama,PE,3/24/2021 20:04,-7.8447,-79.1469,71.6,83,40,8.05,scattered clouds
299,Itoman,JP,3/24/2021 20:04,26.1247,127.6694,68,83,75,10.36,broken clouds
300,Healesville,AU,3/24/2021 20:04,-37.65,145.5167,59,93,100,1.99,overcast clouds
301,Moscow,RU,3/24/2021 20:00,55.7522,37.6156,33.8,51,0,6.71,clear sky
302,Chuy,UY,3/24/2021 20:04,-33.6971,-53.4616,74.16,62,14,9.42,few clouds
303,Yar-Sale,RU,3/24/2021 20:04,66.8333,70.8333,11.44,94,95,9.93,overcast clouds
304,Ribeira Grande,PT,3/24/2021 20:04,38.5167,-28.7,60.8,59,20,6.91,few clouds
305,Saldanha,ZA,3/24/2021 20:04,-33.0117,17.9442,77,47,5,5.75,clear sky
306,Flin Flon,CA,3/24/2021 20:04,54.7682,-101.865,14,44,90,13.8,overcast clouds
307,Lasa,IT,3/24/2021 20:04,46.6166,10.7002,53.6,35,0,3.44,clear sky
308,Jacareacanga,BR,3/24/2021 20:04,-6.2222,-57.7528,89.6,70,40,4.61,light rain
309,Hobyo,SO,3/24/2021 20:04,5.3505,48.5268,78.49,63,0,12.3,clear sky
310,Bengkulu,ID,3/24/2021 20:04,-3.8004,102.2655,76.6,84,100,3.09,overcast clouds
311,Prince Albert,CA,3/24/2021 20:00,53.2001,-105.7677,32,69,75,18.41,broken clouds
312,Nago,JP,3/24/2021 20:04,26.5881,127.9761,68,94,75,6.91,broken clouds
313,Camocim,BR,3/24/2021 20:04,-2.9022,-40.8411,78.66,86,99,10.51,moderate rain
314,San Jeronimo,PE,3/24/2021 20:04,-11.9472,-75.2829,59.27,59,99,5.12,overcast clouds
315,Ballina,AU,3/24/2021 20:04,-28.8667,153.5667,64,88,0,8.16,clear sky
316,Ucluelet,CA,3/24/2021 20:03,48.9329,-125.5528,50,87,75,13.8,broken clouds
317,Khandagayty,RU,3/24/2021 20:04,50.7333,92.05,17.67,76,3,9.75,clear sky
318,Jilib,SO,3/24/2021 20:00,0.4883,42.7854,77.25,81,100,6.15,overcast clouds
319,Pangai,TO,3/24/2021 20:04,-19.8,-174.35,80.6,89,75,6.91,moderate rain
320,Asau,RO,3/24/2021 20:04,46.4333,26.4,33.01,56,100,9.1,light snow
321,Zhaoyuan,CN,3/24/2021 20:04,37.3592,120.3964,44.01,74,0,3.71,clear sky
322,Birao,CF,3/24/2021 20:04,10.2849,22.7882,85.91,36,40,5.23,scattered clouds
323,Skofja Loka,SI,3/24/2021 20:04,46.1655,14.3063,43,75,20,1.14,few clouds
324,Salinopolis,BR,3/24/2021 20:04,-0.6136,-47.3561,77.36,89,100,10.42,overcast clouds
325,Palghar,IN,3/24/2021 20:04,19.6833,72.75,84.2,51,0,6.33,smoke
326,Bathsheba,BB,3/24/2021 20:04,13.2167,-59.5167,82.4,54,40,18.41,scattered clouds
327,Boromo,BF,3/24/2021 20:04,11.75,-2.9333,92.64,9,100,6.91,overcast clouds
328,West Bay,KY,3/24/2021 20:04,19.3667,-81.4167,86,62,20,12.66,few clouds
329,Alcacer Do Sal,PT,3/24/2021 20:04,38.3733,-8.5144,62.6,67,0,10.36,clear sky
330,Vallenar,CL,3/24/2021 20:04,-28.5708,-70.7581,81.57,33,0,8.01,clear sky
331,Moose Factory,CA,3/24/2021 20:05,51.2585,-80.6094,23,80,90,14.97,light snow
332,Isangel,VU,3/24/2021 20:05,-19.55,169.2667,75.56,73,50,6.44,scattered clouds
333,Salinas,US,3/24/2021 20:03,36.6777,-121.6555,69.8,23,1,4.61,clear sky
334,Ngunguru,NZ,3/24/2021 20:05,-35.6167,174.5,57.99,96,4,3,clear sky
335,Dalen,NL,3/24/2021 20:05,52.6992,6.7556,44.01,87,100,5.57,overcast clouds
336,Marrakesh,MA,3/24/2021 20:05,31.6315,-8.0083,71.6,23,0,5.75,clear sky
337,Conceicao Do Araguaia,BR,3/24/2021 20:05,-8.2578,-49.2647,80.64,84,59,4.63,moderate rain
338,Ola,RU,3/24/2021 20:05,59.5833,151.2833,-7.85,93,48,9.19,scattered clouds
339,Ishim,RU,3/24/2021 20:05,56.1128,69.4902,29.34,91,100,13.38,overcast clouds
340,Adiake,CI,3/24/2021 20:05,5.2863,-3.304,78.8,83,0,2.3,light rain
341,Sinnamary,GF,3/24/2021 20:05,5.3833,-52.95,80.44,77,55,11.25,broken clouds
342,Mnogovershinnyy,RU,3/24/2021 20:05,53.9353,139.9242,-1.82,81,9,5.14,clear sky
343,Kaduqli,SD,3/24/2021 20:05,11.0167,29.7167,88.47,27,83,4.05,broken clouds
344,Polunochnoye,RU,3/24/2021 20:05,60.8697,60.4153,11.66,95,31,3.89,scattered clouds
345,Yucca Valley,US,3/24/2021 20:05,34.1142,-116.4322,59,25,0,7,clear sky
346,Tautira,PF,3/24/2021 20:05,-17.7333,-149.15,87.8,66,75,8.05,light rain
347,Samana,DO,3/24/2021 20:05,19.2056,-69.3369,84.2,70,20,9.22,few clouds
348,Madang,PG,3/24/2021 20:05,-5.2246,145.7966,75.02,92,100,8.37,overcast clouds
349,Nemuro,JP,3/24/2021 20:05,43.3236,145.575,35.83,90,100,8.05,overcast clouds
350,Laguna,US,3/24/2021 20:05,38.421,-121.4238,66,22,1,5.75,clear sky
351,General Roca,AR,3/24/2021 20:05,-39.0333,-67.5833,73.4,33,0,4.61,clear sky
352,Lethem,GY,3/24/2021 20:05,3.3803,-59.7968,81.07,69,100,7.76,overcast clouds
353,Karratha,AU,3/24/2021 20:05,-20.7377,116.8463,81.23,64,3,6.58,light rain
354,Port Hawkesbury,CA,3/24/2021 20:05,45.6169,-61.3485,62.6,39,1,4.61,clear sky
355,Saint-Augustin,CA,3/24/2021 20:05,51.226,-58.6502,31.75,98,100,0.34,overcast clouds
356,Beatrice,US,3/24/2021 20:05,40.2681,-96.747,48.2,71,90,14.97,overcast clouds
357,Eten,PE,3/24/2021 20:05,-6.9081,-79.8642,78.8,61,0,16.11,clear sky
358,Sitka,US,3/24/2021 20:05,57.0531,-135.33,37.4,87,90,12.66,light snow
359,Ganzhou,CN,3/24/2021 20:05,28.8184,115.4327,54.36,72,0,2.66,light rain
360,Abdanan,IR,3/24/2021 20:05,32.9926,47.4198,66.33,39,100,4.68,overcast clouds
361,Pafos,CY,3/24/2021 20:05,34.7667,32.4167,57.2,44,40,33.38,scattered clouds
362,Praia,CV,3/24/2021 20:05,14.9215,-23.5087,69.8,78,0,17.27,clear sky
363,Provideniya,RU,3/24/2021 20:05,64.3833,-173.3,6.53,98,87,5.73,overcast clouds
364,Yantal,RU,3/24/2021 20:05,56.8471,105.2542,8.02,100,100,3.65,overcast clouds
365,Zhigansk,RU,3/24/2021 20:05,66.7697,123.3711,-29.47,100,100,2.95,overcast clouds
366,Urumqi,CN,3/24/2021 20:00,43.801,87.6005,37.4,87,0,2.24,clear sky
367,Port Lincoln,AU,3/24/2021 20:00,-34.7333,135.8667,60.48,72,29,12.44,scattered clouds
368,Nikolskoye,RU,3/24/2021 20:05,59.7035,30.7861,37.99,81,90,8.95,overcast clouds
369,Cozumel,MX,3/24/2021 20:01,20.5083,-86.9458,86,62,40,12.66,scattered clouds
370,Tondano,ID,3/24/2021 20:05,1.3038,124.9112,75.2,100,20,2.3,few clouds
371,Paamiut,GL,3/24/2021 20:05,61.994,-49.6678,14.79,80,100,13.2,light snow
372,Manyoni,TZ,3/24/2021 20:05,-5.7467,34.8382,64.42,88,14,2.86,light rain
373,Tecoanapa,MX,3/24/2021 20:05,16.5167,-98.75,82.06,57,0,9.26,clear sky
374,Gazanjyk,TM,3/24/2021 20:05,39.2446,55.5154,69.78,48,100,4.12,overcast clouds
375,Nelson Bay,AU,3/24/2021 20:05,-32.7167,152.15,64.99,72,27,9.22,scattered clouds
376,Bronnoysund,NO,3/24/2021 20:05,65.4625,12.1997,39.2,81,75,9.22,light rain
377,Kirovskiy,RU,3/24/2021 20:05,45.0917,133.5136,24.93,96,27,0.43,scattered clouds
378,Cotonou,BJ,3/24/2021 20:05,6.3654,2.4183,82.4,78,20,6.91,few clouds
379,Jibuti,DJ,3/24/2021 20:05,11.5,42.5,80.6,57,1,4.61,clear sky
380,Salo,IT,3/24/2021 20:05,45.6086,10.531,52,57,1,4.61,clear sky
381,Harbour Breton,CA,3/24/2021 20:05,47.4833,-55.7983,38.84,83,16,1.14,few clouds
382,Bambous Virieux,MU,3/24/2021 20:05,-20.3428,57.7575,78.01,94,20,4.61,few clouds
383,Cabedelo,BR,3/24/2021 20:05,-6.9811,-34.8339,80.6,78,40,11.5,scattered clouds
384,Tabuk,PH,3/24/2021 20:05,17.4189,121.4443,70.3,93,16,2.46,few clouds
385,Clarence Town,AU,3/24/2021 20:05,-32.5833,151.7833,64.99,72,57,9.22,broken clouds
386,Lewisburg,US,3/24/2021 20:01,35.4492,-86.7889,73.4,53,40,11.5,scattered clouds
387,Gobabis,NA,3/24/2021 20:05,-22.45,18.9667,71.98,62,94,6.53,overcast clouds
388,Waw,SS,3/24/2021 20:05,7.7029,27.9953,81.27,55,99,3.33,overcast clouds
389,Angoche,MZ,3/24/2021 20:05,-16.2325,39.9086,77.32,81,2,5.57,clear sky
390,Nouadhibou,MR,3/24/2021 20:05,20.931,-17.0347,66.2,88,0,17.27,clear sky
391,Medvezhyegorsk,RU,3/24/2021 20:05,62.9167,34.4667,36.99,93,100,12.08,overcast clouds
392,Puerto Escondido,MX,3/24/2021 20:05,15.85,-97.0667,86,79,1,9.22,clear sky
393,Pecos,US,3/24/2021 20:05,31.4229,-103.4932,68,21,1,10.36,clear sky
394,Narsaq,GL,3/24/2021 20:05,60.9167,-46.05,23,54,75,5.75,broken clouds
395,Chaplynka,UA,3/24/2021 20:05,46.3651,33.5403,34.48,96,100,9.37,overcast clouds
396,Pemangkat,ID,3/24/2021 20:05,1.1667,108.9667,75.38,91,100,3.42,overcast clouds
397,Esmeralda,CU,3/24/2021 20:05,21.8525,-78.1169,87.8,51,40,13.8,scattered clouds
398,Perth,AU,3/24/2021 20:05,-31.9333,115.8333,57,87,100,5.75,overcast clouds
399,Taiyuan,CN,3/24/2021 20:05,37.8694,112.5603,46.4,36,0,4.47,clear sky
400,Ust-Barguzin,RU,3/24/2021 20:05,53.45,108.9833,13.69,93,51,3.94,broken clouds
401,Northam,GB,3/24/2021 20:05,51.0333,-4.2167,45,90,99,3,overcast clouds
402,Dabat,ET,3/24/2021 20:05,12.9842,37.765,66.11,33,67,1.54,broken clouds
403,Tinskoy,RU,3/24/2021 20:05,56.1525,96.9161,31.01,71,100,13.96,overcast clouds
404,Marathon,US,3/24/2021 20:05,44.9,-89.7668,51.8,82,90,4.61,overcast clouds
405,Aketi,CD,3/24/2021 20:05,2.7388,23.7833,70.57,96,100,2.35,overcast clouds
406,Opuwo,NA,3/24/2021 20:05,-18.0607,13.84,72.77,75,94,3.94,light rain
407,Saint Anthony,US,3/24/2021 20:05,45.0205,-93.218,41,87,90,14.97,heavy intensity rain
408,Kushmurun,KZ,3/24/2021 20:05,52.4503,64.6311,12.85,95,28,7,scattered clouds
409,Atar,MR,3/24/2021 20:05,20.5169,-13.0499,85.98,14,33,1.23,scattered clouds
410,Umm Kaddadah,SD,3/24/2021 20:05,13.6017,26.6876,88.39,10,5,17.78,clear sky
411,Kalevala,RU,3/24/2021 20:05,65.2,31.1667,36.16,89,99,13.69,overcast clouds
412,Kuala Terengganu,MY,3/24/2021 20:02,5.3302,103.1408,82.4,83,20,3.44,few clouds
413,Tuatapere,NZ,3/24/2021 20:05,-46.1333,167.6833,46.99,97,15,3.36,few clouds
414,Chillicothe,US,3/24/2021 20:05,39.3331,-82.9824,72,37,40,11.5,scattered clouds
415,Kerema,PG,3/24/2021 20:05,-7.9631,145.7785,77.22,85,100,3.4,overcast clouds
416,Ilhabela,BR,3/24/2021 20:05,-23.7781,-45.3581,80.98,74,58,3.53,broken clouds
417,Hollola,FI,3/24/2021 20:05,61.05,25.4333,35.01,96,83,1.99,broken clouds
418,Ust-Kulom,RU,3/24/2021 20:05,61.6864,53.6902,31.28,92,100,5.37,overcast clouds
419,Caxito,AO,3/24/2021 20:05,-8.5785,13.6643,77,83,40,2.3,scattered clouds
420,San Isidro,PE,3/24/2021 20:05,-12.1167,-77.05,77,65,0,10.36,clear sky
421,Severobaykalsk,RU,3/24/2021 20:05,55.65,109.3167,17.17,89,91,5.61,overcast clouds
422,San Andres,CO,3/24/2021 20:05,12.5847,-81.7006,86,62,20,11.5,few clouds
423,Cockburn Town,TC,3/24/2021 20:05,21.4612,-71.1419,80.6,65,40,11.5,scattered clouds
424,Sal Rei,CV,3/24/2021 20:05,16.1833,-22.9167,69.8,73,40,18.41,scattered clouds
425,Keti Bandar,PK,3/24/2021 20:05,24.1447,67.4497,78.19,67,1,10.94,clear sky
426,Port-Gentil,GA,3/24/2021 20:05,-0.7193,8.7815,78.8,94,90,8.05,light rain
427,Tuensang,IN,3/24/2021 20:05,26.2833,94.8333,64.45,36,37,4.52,scattered clouds
428,Jutai,BR,3/24/2021 20:05,-5.1833,-68.9,83.91,65,98,3.49,overcast clouds
429,Cabo San Lucas,MX,3/24/2021 20:05,22.8909,-109.9124,77,49,75,17.27,broken clouds
430,Castelbuono,IT,3/24/2021 20:05,37.932,14.0886,51.01,60,10,1.99,clear sky
431,Chimbote,PE,3/24/2021 20:02,-9.0853,-78.5783,74.53,70,100,8.16,overcast clouds
432,Tubinskiy,RU,3/24/2021 20:05,52.8892,58.2225,21.2,93,75,8.95,broken clouds
433,Nacala,MZ,3/24/2021 20:05,-14.5428,40.6728,73.98,91,70,6.85,broken clouds
434,Calatayud,ES,3/24/2021 20:05,41.3535,-1.6432,55.4,87,6,4.61,clear sky
435,Caravelas,BR,3/24/2021 20:05,-17.7125,-39.2481,80.76,67,0,7.31,clear sky
436,Illapel,CL,3/24/2021 20:05,-31.6308,-71.1653,73.29,49,0,8.95,clear sky
437,Alice Town,BS,3/24/2021 20:05,25.7167,-79.3,74.97,72,7,4.21,clear sky
438,Thinadhoo,MV,3/24/2021 20:05,0.5333,72.9333,82.6,69,100,9.08,overcast clouds
439,Zhezkazgan,KZ,3/24/2021 20:05,47.8043,67.7144,16.61,86,93,9.8,overcast clouds
440,Hudson,US,3/24/2021 20:05,40.7168,-74.0663,55.99,82,90,10.36,moderate rain
441,Krapivinskiy,RU,3/24/2021 20:05,54.9992,86.8133,23,86,40,13.42,snow
442,Merauke,ID,3/24/2021 20:05,-8.4667,140.3333,77.74,88,99,4.99,overcast clouds
443,Petropavlovsk-Kamchatskiy,RU,3/24/2021 20:05,53.0452,158.6483,19.4,58,11,6.71,few clouds
444,Ulaanbaatar,MN,3/24/2021 20:05,47.9077,106.8832,26.6,54,40,4.47,scattered clouds
445,Belmonte,BR,3/24/2021 20:05,-15.8631,-38.8828,82.4,65,40,12.66,scattered clouds
446,Port-Cartier,CA,3/24/2021 20:05,50.0334,-66.8654,41,42,75,11.5,broken clouds
447,Siilinjarvi,FI,3/24/2021 20:02,63.0833,27.6667,37.4,75,0,9.22,clear sky
448,Ambanja,MG,3/24/2021 20:05,-13.6833,48.45,75.45,92,93,3.09,light rain
449,Launceston,AU,3/24/2021 20:05,-41.45,147.1667,57.99,100,90,8.05,overcast clouds
450,Kingaroy,AU,3/24/2021 20:05,-26.5333,151.8333,55.4,94,0,3.94,clear sky
451,Banepa,NP,3/24/2021 20:05,27.6298,85.5214,57.2,58,20,4.61,few clouds
452,Rio Gallegos,AR,3/24/2021 20:05,-51.6226,-69.2181,53.6,37,75,35.68,broken clouds
453,La Baule-Escoublac,FR,3/24/2021 20:05,47.2922,-2.364,48.99,87,0,5.75,clear sky
454,Beyneu,KZ,3/24/2021 20:05,45.3167,55.2,54.88,70,50,22.75,scattered clouds
455,Alsfeld,DE,3/24/2021 20:05,50.75,9.2667,48,75,100,5.73,overcast clouds
456,Tandalti,SD,3/24/2021 20:05,13.0167,31.8667,89.4,10,9,7.23,clear sky
457,Daru,PG,3/24/2021 20:05,-9.0763,143.2092,78.8,85,100,3,overcast clouds
458,Howard Springs,AU,3/24/2021 20:05,-12.497,131.047,82.4,83,40,4.61,scattered clouds
459,Bilma,NE,3/24/2021 20:05,18.6853,12.9164,77.54,9,2,12.8,clear sky
460,Kismayo,SO,3/24/2021 20:05,-0.3582,42.5454,80.58,80,82,11.7,broken clouds
461,Richards Bay,ZA,3/24/2021 20:01,-28.783,32.0377,70.57,66,100,2.86,overcast clouds
462,Ulladulla,AU,3/24/2021 20:05,-35.35,150.4667,68,68,79,16.11,broken clouds
463,Kontagora,NG,3/24/2021 20:05,10.3999,5.4695,88.38,39,99,7.92,overcast clouds
464,Vila Franca Do Campo,PT,3/24/2021 20:05,37.7167,-25.4333,55.4,76,40,10.36,scattered clouds
465,Carlsbad,US,3/24/2021 20:02,33.1581,-117.3506,66.99,63,20,11.5,few clouds
466,Ambon,ID,3/24/2021 20:05,-3.6954,128.1814,78.8,83,75,3.44,moderate rain
467,Geilo,NO,3/24/2021 20:05,60.5333,8.2076,19.8,92,41,6.96,scattered clouds
468,Port Arthur,CN,3/24/2021 20:05,38.8,121.2667,35.6,100,0,4.47,clear sky
469,Gavle,SE,3/24/2021 20:05,60.6745,17.1417,44.01,74,100,7,overcast clouds
470,Akdepe,TM,3/24/2021 20:05,42.0551,59.3788,60.8,72,0,4.61,clear sky
471,Novyy Svit,UA,3/24/2021 20:05,47.8059,38.0211,34.39,98,100,9.13,snow
472,Venice,US,3/24/2021 20:05,27.0998,-82.4543,82.99,61,1,6.91,haze
473,San Patricio,US,3/24/2021 20:05,28.017,-97.5169,82,69,40,16.11,scattered clouds
474,Trairi,BR,3/24/2021 20:05,-3.2778,-39.2689,80.49,78,59,7.78,broken clouds
475,Ancud,CL,3/24/2021 20:05,-41.8697,-73.8203,59,51,40,9.22,scattered clouds
476,Twentynine Palms,US,3/24/2021 20:05,34.1356,-116.0542,64.4,13,1,13.8,clear sky
477,Apache Junction,US,3/24/2021 20:04,33.4151,-111.5496,64.4,34,40,6.91,scattered clouds
478,Tasiilaq,GL,3/24/2021 20:05,65.6145,-37.6368,6.8,66,40,13.8,scattered clouds
479,Novoorsk,RU,3/24/2021 20:05,51.381,58.9813,19.4,93,97,8.95,overcast clouds
480,Gilbues,BR,3/24/2021 20:05,-9.8317,-45.3439,88,45,27,2.53,scattered clouds
481,Teya,RU,3/24/2021 20:05,60.3778,92.6267,22.42,95,98,5.21,overcast clouds
482,Turtas,RU,3/24/2021 20:05,58.9417,69.1325,26.38,95,100,8.16,overcast clouds
483,Lewisporte,CA,3/24/2021 20:05,49.2499,-55.0482,42.8,52,75,20.71,broken clouds
484,Mut,TR,3/24/2021 20:05,36.6439,33.4389,43.84,75,17,3.47,few clouds
485,Banjar,ID,3/24/2021 20:05,-8.19,114.9675,78.8,89,40,1.14,scattered clouds
486,Nome,US,3/24/2021 20:05,64.5011,-165.4064,28.99,93,90,13.8,overcast clouds
487,Kaya,BF,3/24/2021 20:05,13.0917,-1.0844,91.38,9,100,8.55,overcast clouds
488,Bermeo,ES,3/24/2021 20:05,43.4209,-2.7215,54,87,75,2.3,broken clouds
489,Portland,US,3/24/2021 20:02,45.5234,-122.6762,46,81,90,5.75,overcast clouds
490,Dali,CN,3/24/2021 20:05,25.7,100.1833,50.29,52,0,5.88,clear sky
491,Mattru,SL,3/24/2021 20:05,7.6244,-11.8332,80.15,72,100,5.82,overcast clouds
492,Kaoma,ZM,3/24/2021 20:05,-14.7833,24.8,64.04,92,0,4.94,clear sky
493,Menongue,AO,3/24/2021 20:05,-14.6585,17.691,67.44,86,98,4.05,overcast clouds
494,Fukue,JP,3/24/2021 20:05,32.6881,128.8419,57.52,83,100,5.82,overcast clouds
495,Coquimbo,CL,3/24/2021 20:05,-29.9533,-71.3436,66.2,68,0,11.5,clear sky
496,Siguiri,GN,3/24/2021 20:05,11.6667,-9.5,90.91,12,31,4.92,scattered clouds
497,Ust-Kuyga,RU,3/24/2021 20:05,70.0167,135.6,-25.2,99,100,2.44,overcast clouds
498,Tessalit,ML,3/24/2021 20:02,20.1986,1.0114,74.01,7,2,11.45,clear sky
499,Ilulissat,GL,3/24/2021 20:05,69.2167,-51.1,-4,71,75,12.66,snow
500,Prince Rupert,CA,3/24/2021 20:05,54.3161,-130.3201,42.8,87,90,11.5,light rain
501,Emerald,AU,3/24/2021 20:05,-23.5333,148.1667,71.6,78,90,5.75,overcast clouds
502,Say,NE,3/24/2021 20:05,13.1007,2.3689,98.6,5,42,4.61,scattered clouds
503,Becicherecu Mic,RO,3/24/2021 20:05,45.8292,21.0514,39.99,64,0,6.91,clear sky
504,Kintampo,GH,3/24/2021 20:05,8.0563,-1.7306,83.98,57,98,7.18,overcast clouds
505,Padang,ID,3/24/2021 20:05,-0.9492,100.3543,77,94,90,1.14,light rain
506,Douentza,ML,3/24/2021 20:05,14.9951,-2.9517,89.74,11,52,14.65,broken clouds
507,Lagoa,PT,3/24/2021 20:05,39.05,-27.9833,56.3,60,14,3.42,few clouds
508,Navrongo,GH,3/24/2021 20:05,10.8956,-1.0921,93.33,9,40,6.22,scattered clouds
509,Guymon,US,3/24/2021 20:05,36.6828,-101.4816,35.6,93,90,13.8,mist
510,Sao Jose Da Coroa Grande,BR,3/24/2021 20:05,-8.8978,-35.1478,80.96,71,57,10.13,broken clouds
511,Nagato,JP,3/24/2021 20:05,34.3833,131.2,53.6,82,75,2.3,moderate rain
512,Pangkalanbuun,ID,3/24/2021 20:05,-2.6833,111.6167,73.87,95,81,2.35,light rain
513,Maarianhamina,AX,3/24/2021 20:05,60.0973,19.9348,42.8,81,0,4.61,clear sky
514,De-Kastri,RU,3/24/2021 20:05,51.4667,140.7833,14.58,84,5,4.36,clear sky
515,Grand-Santi,GF,3/24/2021 20:05,4.25,-54.3833,81.19,76,74,5.21,broken clouds
516,Grajau,BR,3/24/2021 20:05,-5.8194,-46.1386,78.93,91,89,4.7,overcast clouds
517,Korla,CN,3/24/2021 20:05,41.7597,86.1469,49.57,36,0,5.91,clear sky
518,Ouegoa,NC,3/24/2021 20:05,-20.35,164.4333,77.88,78,69,10.04,broken clouds
519,Zyryanka,RU,3/24/2021 20:05,65.75,150.85,-5.17,95,100,11.12,overcast clouds
520,Owando,CG,3/24/2021 20:05,-0.4819,15.8999,72.77,96,100,3.04,moderate rain
521,Waldoboro,US,3/24/2021 20:05,44.0954,-69.3756,55,62,1,6.91,clear sky
522,Kenai,US,3/24/2021 20:05,60.5544,-151.2583,33.8,86,90,14.97,overcast clouds
523,Longyearbyen,SJ,3/24/2021 20:01,78.2186,15.6401,26.6,68,75,11.5,broken clouds
524,Limoges,FR,3/24/2021 20:05,45.75,1.3333,51.8,46,0,5.75,clear sky
525,Leh,IN,3/24/2021 20:05,34.1667,77.5833,23.18,75,67,4.36,broken clouds
526,Wisconsin Rapids,US,3/24/2021 20:05,44.3836,-89.8174,52,93,90,11.5,light rain
527,Kutum,SD,3/24/2021 20:05,14.2,24.6667,80.92,13,11,14.03,few clouds
528,Chitral,PK,3/24/2021 20:05,35.8462,71.7858,40.86,48,11,7.7,few clouds
529,Lahij,YE,3/24/2021 20:05,13.1667,44.5833,76.66,24,18,5.35,few clouds
530,Zabol,AF,3/24/2021 20:05,32.25,67.25,53.85,27,100,6.2,overcast clouds
531,Pouebo,NC,3/24/2021 20:05,-20.4,164.5667,76.62,80,78,8.55,broken clouds
532,Bedele,ET,3/24/2021 20:05,8.456,36.353,59.56,54,11,4.88,few clouds
533,Dunmore East,IE,3/24/2021 20:05,52.1514,-6.9861,48.99,84,80,5.99,broken clouds
534,Rodbyhavn,DK,3/24/2021 20:05,54.6544,11.352,48,79,100,9.26,overcast clouds
535,Sao Luiz Gonzaga,BR,3/24/2021 20:05,-28.4083,-54.9608,86.58,50,14,7.65,few clouds
536,Morant Bay,JM,3/24/2021 20:05,17.8815,-76.4093,84.2,65,40,23.02,scattered clouds
537,Ust-Uda,RU,3/24/2021 20:05,54.1742,103.0304,21.24,94,100,3.76,overcast clouds
538,Le Port,RE,3/24/2021 20:05,-20.9373,55.2919,77,83,20,5.75,few clouds
539,Buraydah,SA,3/24/2021 20:05,26.326,43.975,86,23,0,11.5,clear sky
540,Abnub,EG,3/24/2021 20:05,27.2696,31.1511,78.8,25,0,18.41,clear sky
541,Peace River,CA,3/24/2021 20:05,56.2501,-117.286,15.8,67,75,18.41,broken clouds
542,Kozmodemyansk,RU,3/24/2021 20:05,56.3367,46.5711,28.4,59,0,8.95,clear sky
543,Bereda,ES,3/24/2021 20:05,43.2686,-7.5406,45,82,100,3,overcast clouds
544,Yershov,RU,3/24/2021 20:05,51.3513,48.2766,31.64,94,100,16.49,overcast clouds
545,Vila Velha,BR,3/24/2021 20:04,-20.3297,-40.2925,84.2,70,0,12.66,clear sky
546,Jalu,LY,3/24/2021 20:06,29.0331,21.5482,55.26,44,0,13.2,clear sky
547,Kulunda,RU,3/24/2021 20:06,52.566,78.9385,26.01,91,100,12.26,overcast clouds
548,Dhidhdhoo,MV,3/24/2021 20:06,6.8833,73.1,83.37,72,100,7.05,overcast clouds
549,Boras,SE,3/24/2021 20:06,57.721,12.9401,44.01,100,90,11.5,mist
550,Oranjemund,NA,3/24/2021 20:06,-28.55,16.4333,64.49,85,0,3.29,clear sky
551,Adelaide,AU,3/24/2021 20:06,-34.9333,138.6,64.99,67,40,14.97,light rain
552,Havoysund,NO,3/24/2021 20:06,70.9963,24.6622,39.2,65,0,12.66,light rain
553,Bulgan,MN,3/24/2021 20:06,48.8125,103.5347,36.19,37,100,1.99,overcast clouds
554,Zhangye,CN,3/24/2021 20:06,38.9342,100.4517,47.98,16,100,12.35,overcast clouds
555,Kaura Namoda,NG,3/24/2021 20:06,12.5898,6.5779,89.31,12,100,6.93,overcast clouds
556,Akyab,MM,3/24/2021 20:06,20.15,92.9,78.06,82,0,4.27,clear sky
557,Inhambane,MZ,3/24/2021 20:06,-23.865,35.3833,75.2,69,20,5.75,few clouds
558,Bogorodskoye,RU,3/24/2021 20:06,56.55,37.8833,31.19,94,100,4.12,overcast clouds
559,Aklavik,CA,3/24/2021 20:06,68.2191,-135.0107,8.6,56,100,4.61,overcast clouds
560,Fergus Falls,US,3/24/2021 20:06,46.283,-96.0776,44.01,61,40,16.11,scattered clouds
561,Indi,IN,3/24/2021 20:06,17.1667,75.9667,89.65,22,80,10.54,broken clouds
562,Redcar,GB,3/24/2021 20:06,54.6166,-1.06,46.99,70,36,5.99,scattered clouds
563,Taltal,CL,3/24/2021 20:06,-25.4,-70.4833,69.15,74,33,6.98,scattered clouds
564,Zatoka,UA,3/24/2021 20:06,46.0725,30.4654,35.6,87,75,11.18,broken clouds
565,Pitimbu,BR,3/24/2021 20:06,-7.4706,-34.8086,80.6,78,40,11.5,scattered clouds
566,Maun,BW,3/24/2021 20:06,-19.9833,23.4167,71.6,100,40,2.39,scattered clouds
567,Singapore,SG,3/24/2021 20:04,1.2897,103.8501,77,94,75,3.44,broken clouds
568,Yulara,AU,3/24/2021 20:06,-25.2406,130.9889,68,73,0,8.05,clear sky
569,Olga,RU,3/24/2021 20:06,43.7444,135.2892,31.77,88,100,3.91,overcast clouds
570,Polson,US,3/24/2021 20:06,47.6936,-114.1632,42.01,61,100,9.35,overcast clouds
571,Oum Hadjer,TD,3/24/2021 20:06,13.2954,19.6966,92.3,10,100,16.49,overcast clouds
572,Sistranda,NO,3/24/2021 20:06,63.7256,8.834,41,81,20,24.16,few clouds
573,Tual,ID,3/24/2021 20:06,-5.6667,132.75,82.53,78,100,6.31,overcast clouds
574,Gravdal,NO,3/24/2021 20:06,68.1214,13.5031,41,81,75,34.52,sleet
575,Pangabuan,PH,3/24/2021 20:06,8.0569,123.6958,73.98,93,100,1.83,overcast clouds
576,Den Helder,NL,3/24/2021 20:06,52.9599,4.7593,45,93,75,8.05,mist
577,Rosarito,MX,3/24/2021 20:06,32.3333,-117.0333,66.2,59,20,11.5,few clouds
578,Yokadouma,CM,3/24/2021 20:06,3.5167,15.05,67.17,97,100,4.59,light rain
579,Shahr-E Babak,IR,3/24/2021 20:06,30.1165,55.1186,62.98,27,42,2.28,scattered clouds
580,Manuk Mangkaw,PH,3/24/2021 20:06,4.8,119.85,80.96,78,100,4.81,light rain
581,Dire Dawa,ET,3/24/2021 20:06,9.5931,41.8661,71.33,23,2,4.25,clear sky
582,Monastyrshchina,RU,3/24/2021 20:06,54.3496,31.838,22.01,92,46,4,scattered clouds
583,Bowen,AU,3/24/2021 20:06,-20.0167,148.2333,75.2,94,98,4.61,light rain
584,Sur,OM,3/24/2021 20:06,22.5667,59.5289,76.73,64,0,11.77,clear sky
585,Henties Bay,NA,3/24/2021 20:06,-22.116,14.2845,63,93,13,5.01,few clouds
586,Tromso,NO,3/24/2021 20:06,69.6496,18.957,35.6,87,75,28.77,light rain
587,Adilcevaz,TR,3/24/2021 20:06,38.8039,42.7342,39.2,75,75,6.91,broken clouds
588,Gummidipundi,IN,3/24/2021 20:06,13.4,80.15,78.8,89,20,2.77,mist
589,Balclutha,NZ,3/24/2021 20:06,-46.2339,169.75,50.49,91,47,1.03,scattered clouds
590,Beisfjord,NO,3/24/2021 20:06,68.3751,17.5988,37.4,87,90,36.82,light rain
591,Te Anau,NZ,3/24/2021 20:06,-45.4167,167.7167,49.84,93,62,0.67,broken clouds
592,Thunder Bay,CA,3/24/2021 20:03,48.4001,-89.3168,28.4,86,90,6.91,snow
593,San Cristobal,VE,3/24/2021 20:06,7.7669,-72.225,84.2,65,40,6.91,scattered clouds
594,Mirnyy,RU,3/24/2021 20:06,62.5353,113.9611,-13.32,100,100,3.22,overcast clouds
595,Dauphin,CA,3/24/2021 20:06,51.1494,-100.0502,21.2,58,1,4.61,clear sky
596,Morecambe,GB,3/24/2021 20:06,54.0684,-2.8611,48,96,100,15.99,light rain
597,Pacifica,US,3/24/2021 20:04,37.6138,-122.4869,66.2,39,20,12.66,few clouds
598,Nioro,GM,3/24/2021 20:06,13.35,-15.75,89.2,22,1,9.75,clear sky
599,Mulege,MX,3/24/2021 20:06,26.8833,-111.9833,68.22,33,1,10.89,clear sky
600,Ushtobe,KZ,3/24/2021 20:06,45.2514,77.9838,39,70,100,8.41,overcast clouds
601,Half Moon Bay,US,3/24/2021 20:06,37.4636,-122.4286,66.2,71,1,17.27,haze
602,Mount Gambier,AU,3/24/2021 20:06,-37.8333,140.7667,51.8,93,40,5.75,light rain
603,Pimentel,PE,3/24/2021 20:06,-6.8367,-79.9342,78.8,61,0,16.11,clear sky
604,Flinders,AU,3/24/2021 20:06,-34.5833,150.8552,66.99,77,34,3,scattered clouds
605,Barcelos,PT,3/24/2021 20:06,41.5388,-8.6151,53.6,76,20,5.75,few clouds
606,Nicoya,CR,3/24/2021 20:05,10.1483,-85.452,91.4,43,20,9.22,few clouds
607,Zorgo,BF,3/24/2021 20:06,12.2489,-0.6158,93.6,7,100,9.31,overcast clouds
608,Sylacauga,US,3/24/2021 20:06,33.1732,-86.2516,77,56,1,9.22,clear sky
609,Mangrol,IN,3/24/2021 20:06,21.1167,70.1167,79.48,44,0,11.27,clear sky
610,Big Rapids,US,3/24/2021 20:06,43.6981,-85.4837,59,58,90,24.16,overcast clouds
611,Kahului,US,3/24/2021 20:04,20.8947,-156.47,80.6,69,40,6.91,scattered clouds
612,Llangefni,GB,3/24/2021 20:06,53.2556,-4.3106,48.2,81,31,19.57,light rain
613,Amapa,BR,3/24/2021 20:06,1,-52,70.66,99,100,1.1,moderate rain
614,Okhotsk,RU,3/24/2021 20:06,59.3833,143.3,-5.03,98,73,2.1,broken clouds
615,Gamba,GA,3/24/2021 20:06,-2.65,10,75.72,84,100,5.17,overcast clouds
616,Coahuayana,MX,3/24/2021 20:06,18.7333,-103.6833,80.6,54,1,11.5,clear sky
617,Luanda,AO,3/24/2021 20:05,-8.8368,13.2343,77,83,40,2.3,scattered clouds
618,Schuttorf,DE,3/24/2021 20:06,52.3167,7.2333,48,81,100,5.95,overcast clouds
619,Urucara,BR,3/24/2021 20:06,-2.5364,-57.76,79.47,91,37,3.8,moderate rain
620,Vostok,RU,3/24/2021 20:06,46.4856,135.8833,10.67,98,73,3.62,broken clouds
621,Ginir,ET,3/24/2021 20:06,7.1333,40.7,59.23,28,1,5.35,clear sky
622,Butembo,CD,3/24/2021 20:06,0.15,29.2833,59.79,80,80,4.25,broken clouds
623,Sao Filipe,CV,3/24/2021 20:06,14.8961,-24.4956,71.47,75,0,17.72,clear sky
624,Beringovskiy,RU,3/24/2021 20:06,63.05,179.3167,12.04,92,100,2.77,overcast clouds
625,Innisfail,AU,3/24/2021 20:06,-17.5333,146.0333,76.03,91,99,3.04,light rain
626,Banes,CU,3/24/2021 20:06,20.9625,-75.7186,91.4,35,40,13.8,scattered clouds
627,Zima,RU,3/24/2021 20:06,53.9202,102.0442,17.74,97,100,2.24,overcast clouds
628,Santana Do Livramento,BR,3/24/2021 20:03,-30.8908,-55.5328,80.53,56,10,7.27,clear sky
629,Goure,NE,3/24/2021 20:06,13.9835,10.2704,86,10,7,8.99,clear sky
630,Koumac,NC,3/24/2021 20:06,-20.5667,164.2833,76.69,80,71,5.39,broken clouds
631,Mackenzie,CA,3/24/2021 20:06,55.2999,-123.1698,30.2,69,90,2.73,overcast clouds
632,Nantucket,US,3/24/2021 20:06,41.2835,-70.0995,46.4,93,75,10.36,mist
633,Montego Bay,JM,3/24/2021 20:02,18.4712,-77.9188,84.2,70,20,18.41,few clouds
634,Gazojak,TM,3/24/2021 20:06,41.1875,61.4036,64.27,43,100,10.51,overcast clouds
635,Novikovo,RU,3/24/2021 20:06,51.1537,37.8879,29.95,85,100,15.21,overcast clouds
636,Camacha,PT,3/24/2021 20:06,33.0833,-16.3333,62.6,77,40,13.8,scattered clouds
637,Parrita,CR,3/24/2021 20:06,9.5201,-84.3225,82.4,57,40,11.5,scattered clouds
638,Hays,US,3/24/2021 20:06,30.0502,-98.0336,73,8,79,1.99,broken clouds
639,Espanola,US,3/24/2021 20:05,35.9911,-106.0806,41,69,90,11.5,overcast clouds
640,Pangobilian,PH,3/24/2021 20:06,8.8011,117.8594,79.43,85,100,9.28,overcast clouds
641,Nha Trang,VN,3/24/2021 20:06,12.25,109.1833,75.2,94,75,4.61,broken clouds
642,Eyl,SO,3/24/2021 20:06,7.9803,49.8164,76.68,65,0,11.45,clear sky
643,Sterlibashevo,RU,3/24/2021 20:06,53.4376,55.2578,30.2,86,100,3.78,overcast clouds
644,Ketchikan,US,3/24/2021 20:06,55.3422,-131.6461,42.8,81,90,10.36,light rain
645,Fort Nelson,CA,3/24/2021 20:06,58.8053,-122.7002,15.8,62,75,5.75,light snow
646,Sohag,EG,3/24/2021 20:06,26.557,31.6948,66.2,24,0,8.05,clear sky
647,Gondar,ET,3/24/2021 20:06,12.6,37.4667,70.81,32,11,4.29,few clouds
648,Monrovia,LR,3/24/2021 20:06,6.3005,-10.7969,78.8,94,40,6.96,scattered clouds
649,North Battleford,CA,3/24/2021 20:06,52.7834,-108.2847,35.6,75,1,13.8,clear sky
650,Oberndorf,DE,3/24/2021 20:06,48.2905,8.5722,42.01,66,44,3.18,scattered clouds
651,Salalah,OM,3/24/2021 20:06,17.0151,54.0924,78.8,83,20,2.3,few clouds
652,Waipawa,NZ,3/24/2021 20:06,-41.4122,175.5153,60.01,77,20,6.91,few clouds
653,Bahia Honda,CU,3/24/2021 20:06,22.9036,-83.1592,87.1,49,0,11.99,clear sky
654,Ust-Kut,RU,3/24/2021 20:06,56.7938,105.7672,3.18,100,100,2.68,overcast clouds
655,Mamlyutka,KZ,3/24/2021 20:06,54.9375,68.5394,20.3,94,85,11.16,overcast clouds
656,Hirara,JP,3/24/2021 20:06,24.8,125.2833,67.46,69,97,19.48,overcast clouds
657,Ardakan,IR,3/24/2021 20:06,32.31,54.0175,78.8,14,20,11.5,dust
658,Torrelavega,ES,3/24/2021 20:06,43.3494,-4.0479,53.01,89,98,3,overcast clouds
659,Cottonwood Heights,US,3/24/2021 20:06,40.6197,-111.8102,48,49,1,6.91,clear sky
660,Starychi,UA,3/24/2021 20:06,49.98,23.5585,26.6,80,0,1.9,clear sky
661,Minab,IR,3/24/2021 20:06,27.1467,57.0801,71.6,53,16,6.91,few clouds
662,Vilhena,BR,3/24/2021 20:06,-12.7406,-60.1458,75.2,83,75,11.5,broken clouds
663,Berdigestyakh,RU,3/24/2021 20:06,62.0989,126.6992,-28.7,100,97,1.54,overcast clouds
664,Kushiro,JP,3/24/2021 20:06,42.975,144.3747,35.15,88,100,2.15,overcast clouds
665,Verl,DE,3/24/2021 20:06,51.55,7.9167,51.01,77,99,4.63,overcast clouds
666,Shimoda,JP,3/24/2021 20:06,34.6667,138.95,52,80,100,1.99,overcast clouds
667,Cumbum,IN,3/24/2021 20:06,9.7333,77.3,72.64,75,100,0.83,overcast clouds
668,Axim,GH,3/24/2021 20:03,4.8699,-2.2405,79.84,85,98,7.31,overcast clouds
669,Terrace,CA,3/24/2021 20:06,54.5163,-128.6035,35.6,100,90,3.44,light snow
670,Nau,TJ,3/24/2021 20:06,40.1525,69.3686,57.2,58,86,8.95,overcast clouds
671,Waverly,US,3/24/2021 20:06,42.7392,-84.6208,64.4,55,59,21.03,broken clouds
672,Grevena,GR,3/24/2021 20:06,40.0845,21.4274,32,80,83,10.36,light snow
673,Santa Maria,BR,3/24/2021 20:03,-29.6842,-53.8069,80.6,69,40,11.5,scattered clouds
674,Poum,NC,3/24/2021 20:06,-20.2333,164.0167,79.81,75,63,19.08,broken clouds
675,Quatre Cocos,MU,3/24/2021 20:06,-20.2078,57.7625,78.01,94,20,4.61,few clouds
676,Kamaishi,JP,3/24/2021 20:06,39.2667,141.8833,48.07,90,100,5.59,overcast clouds
677,Sovetskaya Gavan,RU,3/24/2021 20:06,48.9723,140.2878,20.97,67,0,5.26,clear sky
678,Necochea,AR,3/24/2021 20:06,-38.5473,-58.7368,79.75,43,4,5.03,clear sky
679,Acapulco,MX,3/24/2021 20:02,16.8634,-99.8901,84.2,58,20,8.05,few clouds
680,Lamu,KE,3/24/2021 20:06,-2.2717,40.902,80.6,17,1,6.91,clear sky
681,Charters Towers,AU,3/24/2021 20:06,-20.1,146.2667,75.76,66,69,7.09,broken clouds
682,Dongsheng,CN,3/24/2021 20:06,39.8161,109.9776,42.12,30,93,6.33,overcast clouds
683,Herouville-Saint-Clair,FR,3/24/2021 20:06,49.2109,-0.3065,48.2,81,0,5.75,clear sky
684,Nadvoitsy,RU,3/24/2021 20:06,63.8667,34.3167,38.07,85,100,14.76,overcast clouds
685,Tveit,NO,3/24/2021 20:06,58.2337,8.122,43,87,40,8.05,scattered clouds
686,Swift Current,CA,3/24/2021 20:06,50.2834,-107.8014,44.6,42,1,20.71,clear sky
687,Canutama,BR,3/24/2021 20:06,-6.5339,-64.3831,74.89,91,100,2.89,overcast clouds
688,Codrington,AU,3/24/2021 20:06,-38.2667,141.9667,57.38,79,72,13.02,broken clouds
689,Deming,US,3/24/2021 20:06,32.2687,-107.7586,50,53,1,16.11,clear sky
690,Coruripe,BR,3/24/2021 20:04,-10.1256,-36.1756,80.56,71,8,10.29,clear sky
691,Namwala,ZM,3/24/2021 20:06,-15.7504,26.4384,64.72,92,5,4.9,clear sky
692,Dezful,IR,3/24/2021 20:06,32.3811,48.4058,74.93,32,71,14.07,broken clouds
693,Mongo,TD,3/24/2021 20:06,12.1844,18.693,90.99,11,73,1.66,broken clouds
694,Auki,SB,3/24/2021 20:06,-8.7676,160.7034,76.69,84,77,3.6,broken clouds
695,Seoul,KR,3/24/2021 20:02,37.5683,126.9778,46.4,87,75,3.44,broken clouds
696,Chernolesskoye,RU,3/24/2021 20:06,44.7156,43.7133,37.18,89,100,16.98,overcast clouds
697,Chikwawa,MW,3/24/2021 20:06,-16.0335,34.8009,71.64,93,25,3.18,scattered clouds
698,Barranca,PE,3/24/2021 20:03,-10.75,-77.7667,75.25,67,60,10.54,broken clouds
699,Kanigoro,ID,3/24/2021 20:06,-8.13,112.219,72.81,93,89,3.04,light rain
700,Ponta Delgada,PT,3/24/2021 20:06,37.7333,-25.6667,55.4,76,40,10.36,scattered clouds
701,Onufriyivka,UA,3/24/2021 20:06,48.9072,33.4487,31.95,91,100,13.09,light snow
702,Kosum Phisai,TH,3/24/2021 20:06,16.2486,103.0674,79,83,99,3.44,overcast clouds
703,Kosh-Agach,RU,3/24/2021 20:06,50,88.6667,1.69,89,7,4.97,clear sky
704,High Prairie,CA,3/24/2021 20:06,55.4334,-116.4858,14,92,100,16.11,light snow
705,Along,IN,3/24/2021 20:06,28.1667,94.7667,64.2,49,31,2.06,scattered clouds
706,Tommot,RU,3/24/2021 20:06,58.9564,126.2925,0.77,99,100,0.43,overcast clouds